2022 rank,Municipality,Designation[8],Primary county,Secondary county(ies),Population,,,
,,,,,2022 estimate[8],2020 census[1],2010 census[9],2010-2020 change
1,Houston,City,Harris,"Fort Bend, Montgomery","2,302,878","2,304,580","2,099,451",+9.77%
2,San Antonio,City,Bexar,"Medina, Comal","1,472,909","1,434,625","1,327,407",+8.08%
3,Dallas,City,Dallas,"Rockwall, Kaufman, Denton, Collin","1,299,544","1,304,379","1,197,816",+8.90%
4,Austin,City,Travis,"Williamson, Hays","974,447","961,855","790,390",+21.69%
5,Fort Worth,City,Tarrant,"Denton, Parker, Wise","956,709","918,915","741,206",+23.98%
6,El Paso,City,El Paso,,"677,456","678,815","649,121",+4.57%
7,Arlington,City,Tarrant,,"394,602","392,786","365,438",+7.48%
8,Corpus Christi,City,Nueces,"San Patricio, Aransas, Kleberg","316,239","317,863","305,215",+4.14%
9,Plano,City,Collin,Denton,"289,547","285,494","259,841",+9.87%
10,Lubbock,City,Lubbock,,"263,930","257,141","229,573",+12.01%
11,Laredo,City,Webb,,"256,187","255,205","236,091",+8.10%
12,Irving,City,Dallas,,"254,715","256,684","216,290",+18.68%
13,Garland,City,Dallas,Collin,"240,854","246,018","226,876",+8.44%
14,Frisco,City,Collin,Denton,"219,587","200,509","116,989",+71.39%
15,McKinney,City,Collin,,"207,507","195,308","131,117",+48.96%
16,Grand Prairie,City,Dallas,"Ellis, Tarrant","201,843","196,100","175,396",+11.80%
17,Amarillo,City,Potter,Randall,"201,291","200,393","190,695",+5.09%
18,Brownsville,City,Cameron,,"189,382","186,738","175,023",+6.69%
19,Killeen,City,Bell,,"159,172","153,095","127,921",+19.68%
20,Denton,City,Denton,,"150,353","139,869","113,383",+23.36%
21,Mesquite,City,Dallas,Kaufman,"147,899","150,108","139,824",+7.35%
22,Pasadena,City,Harris,,"147,662","151,950","149,043",+1.95%
23,McAllen,City,Hidalgo,,"144,579","142,210","129,877",+9.50%
24,Waco,City,McLennan,,"143,984","138,486","124,805",+10.96%
25,Midland,City,Midland,Martin,"134,444","132,524","111,147",+19.23%
26,Carrollton,City,Dallas,"Denton, Collin","133,820","133,434","119,097",+12.04%
27,Lewisville,City,Denton,,"131,215","111,822","95,290",+17.35%
28,Abilene,City,Taylor,Jones,"127,385","125,182","117,063",+6.94%
29,Pearland,City,Brazoria,"Fort Bend, Harris","126,949","125,828","91,252",+37.89%
30,Round Rock,City,Williamson,,"126,697","119,468","99,887",+19.60%
31,College Station,City,Brazos,,"124,319","120,511","93,857",+28.40%
32,Richardson,City,Dallas,Collin,"118,802","119,469","99,223",+20.40%
33,League City,City,Galveston,Harris,"115,418","114,392","83,560",+36.90%
34,Odessa,City,Ector,Midland,"112,906","114,428","99,940",+14.50%
35,Beaumont,City,Jefferson,,"112,089","115,282","118,296",-2.55%
36,Allen,City,Collin,,"111,551","104,627","84,246",+24.19%
37,Sugar Land,City,Fort Bend,,"109,414","111,026","78,817",+40.87%
38,Tyler,City,Smith,,"109,286","105,995","96,900",+9.39%
39,New Braunfels,City,Comal,Guadalupe,"104,707","90,403","57,740",+56.57%
40,Edinburg,City,Hidalgo,,"104,294","100,243","77,100",+30.02%
41,Wichita Falls,City,Wichita,,"102,664","102,316","104,553",-2.14%
42,Conroe,City,Montgomery,,"101,405","89,956","56,207",+60.04%
43,San Angelo,City,Tom Green,,"99,112","99,893","93,200",+7.18%
44,Temple,City,Bell,,"89,458","82,073","66,102",+24.16%
45,Bryan,City,Brazos,,"87,792","83,980","76,201",+10.21%
46,Mission,City,Hidalgo,,"86,635","85,778","77,058",+11.32%
47,Georgetown,City,Williamson,,"86,507","67,176","47,400",+41.72%
48,Baytown,City,Harris,Chambers,"84,324","83,701","71,802",+16.57%
49,Longview,City,Gregg,Harrison,"82,531","81,638","80,455",+1.47%
50,Pharr,City,Hidalgo,,"80,179","79,715","70,400",+13.23%
51,Flower Mound,Town,Denton,Tarrant,"78,486","75,956","64,669",+17.45%
52,Cedar Park,City,Williamson,Travis,"77,642","77,595","48,937",+58.56%
53,Mansfield,City,Tarrant,"Ellis, Johnson","76,724","72,602","56,368",+28.80%
54,Missouri City,City,Fort Bend,Harris,"76,500","74,259","67,358",+10.25%
55,Leander,City,Williamson,Travis,"74,375","59,202","26,521",+123.23%
56,Harlingen,City,Cameron,,"71,678","71,829","64,849",+10.76%
57,North Richland Hills,City,Tarrant,,"70,663","69,917","63,343",+10.38%
58,San Marcos,City,Hays,"Caldwell, Guadalupe","70,301","67,553","44,894",+50.47%
59,Pflugerville,City,Travis,Williamson,"65,556","65,191","46,936",+38.89%
60,Victoria,City,Victoria,,"65,372","65,534","62,592",+4.70%
61,Rowlett,City,Dallas,Rockwall,"65,113","62,535","56,199",+11.27%
62,Wylie,City,Collin,"Dallas, Rockwall","60,943","57,526","41,427",+38.86%
63,Euless,City,Tarrant,,"60,169","61,032","51,277",+19.02%
64,Kyle,City,Hays,,"57,470","45,697","28,016",+63.11%
65,DeSoto,City,Dallas,,"55,968","56,145","49,047",+14.47%
66,Texas City,City,Galveston,,"55,667","51,898","45,099",+15.08%
67,Port Arthur,City,Jefferson,,"55,579","56,039","53,818",+4.13%
68,Little Elm,City,Denton,,"55,357","46,453","25,898",+79.37%
69,Burleson,City,Johnson,Tarrant,"53,381","47,641","36,690",+29.85%
70,Galveston,City,Galveston,,"53,089","53,695","47,743",+12.47%
71,Rockwall,City,Rockwall,,"51,461","47,251","37,490",+26.04%
72,Grapevine,City,Tarrant,"Dallas, Denton","51,226","50,631","46,334",+9.27%
73,Bedford,City,Tarrant,,"48,724","49,928","46,979",+6.28%
74,Cedar Hill,City,Dallas,Ellis,"48,341","49,148","45,028",+9.15%
75,Huntsville,City,Walker,,"47,351","45,941","38,548",+19.18%
76,Haltom City,City,Tarrant,,"45,525","46,073","42,409",+8.64%
77,Waxahachie,City,Ellis,,"45,476","41,140","29,621",+38.89%
78,The Colony,City,Denton,,"45,367","44,534","36,328",+22.59%
79,Sherman,City,Grayson,,"45,264","43,645","38,521",+13.30%
80,Keller,City,Tarrant,,"45,252","45,776","39,627",+15.52%
81,Schertz,City,Guadalupe,"Bexar, Comal","43,010","42,002","31,465",+33.49%
82,Weslaco,City,Hidalgo,,"42,231","40,160","35,670",+12.59%
83,Coppell,City,Dallas,Denton,"41,926","42,983","38,659",+11.18%
84,Friendswood,City,Galveston,Harris,"40,833","41,213","35,805",+15.10%
85,Rosenberg,City,Fort Bend,,"40,739","38,282","30,618",+25.03%
86,Lancaster,City,Dallas,,"40,449","41,275","36,361",+13.51%
87,Hurst,City,Tarrant,,"39,634","40,413","37,337",+8.24%
88,Duncanville,City,Dallas,,"39,413","40,706","38,524",+5.66%
89,Midlothian,City,Ellis,,"38,635","35,125","18,037",+94.74%
90,Copperas Cove,City,Coryell,"Bell, Lampasas","37,964","36,670","32,032",+14.48%
91,Socorro,City,El Paso,,"37,772","34,306","32,013",+7.16%
92,Prosper,Town,Collin,Denton,"37,746","30,174","9,423",+220.22%
93,Hutto,City,Williamson,,"36,655","27,577","14,698",+87.62%
94,La Porte,City,Harris,,"36,569","35,124","33,800",+3.92%
95,Farmers Branch,City,Dallas,,"36,286","35,991","28,616",+25.77%
96,Weatherford,City,Parker,,"36,251","30,854","25,250",+22.19%
97,San Juan,City,Hidalgo,,"35,782","35,294","33,856",+4.25%
98,Texarkana,City,Bowie,,"35,778","36,193","36,411",-0.60%
99,Cibolo,City,Guadalupe,,"34,814","32,276","15,349",+110.28%
100,Del Rio,City,Val Verde,,"34,543","34,673","35,591",-2.58%
101,Fulshear,City,Fort Bend,,"34,264","16,856","1,134","+1,386.42%"
102,Celina,City,Collin,Denton,"34,229","16,739","6,028",+177.69%
103,Lufkin,City,Angelina,,"34,152","34,143","35,067",-2.63%
104,Harker Heights,City,Bell,,"34,102","33,097","26,700",+23.96%
105,Cleburne,City,Johnson,,"33,826","31,352","29,337",+6.87%
106,Deer Park,City,Harris,,"33,468","34,495","32,010",+7.76%
107,Seguin,City,Guadalupe,,"33,408","29,433","25,175",+16.91%
108,Forney,City,Kaufman,,"32,108","23,455","14,661",+59.98%
109,Nacogdoches,City,Nacogdoches,,"31,990","32,147","32,996",-2.57%
110,Southlake,City,Tarrant,Denton,"31,102","31,265","26,575",+17.65%
111,Greenville,City,Hunt,,"31,060","28,164","25,557",+10.20%
112,Sachse,City,Dallas,Collin,"30,610","27,103","20,329",+33.32%
113,Converse,City,Bexar,,"29,603","27,466","18,198",+50.93%
114,Eagle Pass,City,Maverick,,"28,255","28,130","26,248",+7.17%
115,Alvin,City,Brazoria,,"28,205","27,098","24,236",+11.81%
116,Lake Jackson,City,Brazoria,,"27,668","28,177","26,849",+4.95%
117,Balch Springs,City,Dallas,,"26,947","27,685","23,728",+16.68%
118,Denison,City,Grayson,,"26,328","24,479","22,682",+7.92%
119,Colleyville,City,Tarrant,,"25,850","26,057","22,807",+14.25%
120,Corsicana,City,Navarro,,"25,566","25,109","23,770",+5.63%
121,Saginaw,City,Tarrant,,"25,319","23,890","19,806",+20.62%
122,Big Spring,City,Howard,,"25,318","26,144","27,282",-4.17%
123,Katy,City,Harris,"Fort Bend, Waller","25,253","21,894","14,102",+55.25%
124,University Park,City,Dallas,,"25,032","25,278","23,068",+9.58%
125,Kingsville,City,Kleberg,,"24,833","25,402","26,213",-3.09%
126,Kerrville,City,Kerr,,"24,752","24,278","22,347",+8.64%
127,Paris,City,Lamar,,"24,695","24,476","25,171",-2.76%
128,San Benito,City,Cameron,,"24,665","24,861","24,250",+2.52%
129,Benbrook,City,Tarrant,,"24,437","24,520","21,234",+15.48%
130,Belton,City,Bell,,"24,327","23,054","18,216",+26.56%
131,Marshall,City,Harrison,,"23,641","23,392","23,523",-0.56%
132,Anna,City,Collin,,"23,558","16,896","8,249",+104.82%
133,Horizon City,City,El Paso,,"23,314","22,489","16,735",+34.38%
134,Watauga,City,Tarrant,,"23,050","23,650","23,497",+0.65%
135,Princeton,City,Collin,,"22,900","17,027","6,807",+150.14%
136,Ennis,City,Ellis,,"22,890","20,159","18,513",+8.89%
137,Corinth,City,Denton,,"22,875","22,634","19,935",+13.54%
138,Fate,City,Rockwall,,"22,811","17,958","6,357",+182.49%
139,Dickinson,City,Galveston,,"21,738","20,847","18,680",+11.60%
140,Stephenville,City,Erath,,"21,641","20,897","17,123",+22.04%
141,Murphy,City,Collin,,"21,175","21,013","17,708",+18.66%
142,Boerne,City,Kendall,,"20,707","17,850","10,471",+70.47%
143,Portland,City,San Patricio,Nueces,"20,350","20,383","15,099",+35.00%
144,Alamo,City,Hidalgo,,"20,305","19,493","18,353",+6.21%
145,Terrell,City,Kaufman,,"20,050","17,465","15,816",+10.43%
146,Universal City,City,Bexar,Guadalupe,"19,990","19,720","18,530",+6.42%
147,Royse City,City,Rockwall,"Collin, Hunt","19,782","13,508","9,349",+44.49%
148,Alton,City,Hidalgo,,"19,673","18,198","12,341",+47.46%
149,Angleton,City,Brazoria,,"19,610","19,429","18,862",+3.01%
150,Plainview,City,Hale,,"19,599","20,187","22,194",-9.04%
151,Seagoville,City,Dallas,Kaufman,"19,491","18,446","14,835",+24.34%
152,Crowley,City,Tarrant,Johnson,"19,478","18,070","12,838",+40.75%
153,Lakeway,City,Travis,,"19,429","19,189","11,391",+68.46%
154,Melissa,City,Collin,,"19,357","13,901","4,695",+196.08%
155,La Marque,City,Galveston,,"19,147","18,030","14,509",+24.27%
156,Orange,City,Orange,,"19,081","19,324","18,595",+3.92%
157,Manor,City,Travis,,"19,009","13,652","5,037",+171.03%
158,Palestine,City,Anderson,,"18,981","18,544","18,712",-0.90%
159,Brownwood,City,Brown,,"18,709","18,862","19,288",-2.21%
160,Brenham,City,Washington,,"18,469","17,369","15,716",+10.52%
161,Glenn Heights,City,Dallas,Ellis,"18,299","15,819","11,278",+40.26%
162,Nederland,City,Jefferson,,"18,189","18,856","17,547",+7.46%
163,White Settlement,City,Tarrant,,"18,046","18,269","16,116",+13.36%
164,Gainesville,City,Cooke,,"17,912","17,394","16,002",+8.70%
165,Alice,City,Jim Wells,,"17,697","17,891","19,104",-6.35%
166,Bay City,City,Matagorda,,"17,505","18,061","17,614",+2.54%
167,Stafford,City,Fort Bend,Harris,"17,427","17,666","17,693",-0.15%
168,Red Oak,City,Ellis,,"17,396","14,222","10,769",+32.06%
169,Addison,Town,Dallas,,"17,310","16,661","13,056",+27.61%
170,Bellaire,City,Harris,,"16,991","17,202","16,855",+2.06%
171,Taylor,City,Williamson,,"16,975","16,267","15,191",+7.08%
172,Groves,City,Jefferson,,"16,798","17,335","16,144",+7.38%
173,Donna,City,Hidalgo,,"16,774","16,797","15,798",+6.32%
174,Mercedes,City,Hidalgo,,"16,717","16,258","15,570",+4.42%
175,Pampa,City,Gray,,"16,612","16,867","17,994",-6.26%
176,Hewitt,City,McLennan,,"16,431","16,026","13,549",+18.28%
177,Sulphur Springs,City,Hopkins,,"16,408","15,941","15,449",+3.18%
178,Humble,City,Harris,,"16,336","16,795","15,133",+10.98%
179,Gatesville,City,Coryell,,"16,198","16,135","15,751",+2.44%
180,Highland Village,City,Denton,,"16,105","15,899","15,056",+5.60%
181,Buda,City,Hays,,"16,086","15,108","7,295",+107.10%
182,Mount Pleasant,City,Titus,,"16,015","16,047","15,564",+3.10%
183,Live Oak,City,Bexar,,"15,953","15,781","13,131",+20.18%
184,Palmview,City,Hidalgo,,"15,863","15,830","5,460",+189.93%
185,South Houston,City,Harris,,"15,860","16,153","16,983",-4.89%
186,Canyon,City,Randall,,"15,771","14,836","13,303",+11.52%
187,Uvalde,City,Uvalde,,"15,430","15,217","15,751",-3.39%
188,Rio Grande City,City,Starr,,"15,269","15,317","13,834",+10.72%
189,Mineral Wells,City,Palo Pinto,Parker,"15,173","14,820","16,788",-11.72%
190,Lockhart,City,Caldwell,,"14,985","14,379","12,698",+13.24%
191,Manvel,City,Brazoria,,"14,803","9,992","5,179",+92.93%
192,West University Place,City,Harris,,"14,792","14,955","14,787",+1.14%
193,Hereford,City,Deaf Smith,,"14,765","14,972","15,370",-2.59%
194,Hidalgo,City,Hidalgo,,"14,437","13,964","11,198",+24.70%
195,Jacksonville,City,Cherokee,,"14,215","13,997","14,544",-3.76%
196,Dumas,City,Moore,,"14,166","14,501","14,691",-1.29%
197,Lumberton,City,Hardin,,"14,045","13,554","11,943",+13.49%
198,Azle,City,Tarrant,Parker,"13,956","13,369","10,947",+22.12%
199,Trophy Club,Town,Denton,Tarrant,"13,758","13,688","8,024",+70.59%
200,Seabrook,City,Harris,Chambers,"13,708","13,618","11,952",+13.94%
201,Forest Hill,City,Tarrant,,"13,701","13,955","12,355",+12.95%
202,Port Neches,City,Jefferson,,"13,614","13,692","13,040",+5.00%
203,Tomball,City,Harris,,"13,585","12,341","10,753",+14.77%
204,Kilgore,City,Gregg,Rusk,"13,476","13,376","12,975",+3.09%
205,Henderson,City,Rusk,,"13,385","13,271","13,712",-3.22%
206,Beeville,City,Bee,,"13,332","13,669","12,863",+6.27%
207,Andrews,City,Andrews,,"13,276","13,487","11,088",+21.64%
208,Iowa Colony,Village,Brazoria,,"13,031","8,154","1,170",+596.92%
209,Athens,City,Henderson,,"13,007","12,857","12,710",+1.16%
210,Robinson,City,McLennan,,"12,923","12,443","10,509",+18.40%
211,Santa Fe,City,Galveston,,"12,843","12,735","12,222",+4.20%
212,Richmond,City,Fort Bend,,"12,520","11,627","11,679",-0.45%
213,Granbury,City,Hood,,"12,391","10,958","7,978",+37.35%
214,Levelland,City,Hockley,,"12,337","12,652","13,542",-6.57%
215,Borger,City,Hutchinson,,"12,249","12,551","13,251",-5.28%
216,El Campo,City,Wharton,,"12,179","12,350","11,602",+6.45%
217,Webster,City,Harris,,"12,177","12,499","10,400",+20.18%
218,Selma,City,Guadalupe,"Bexar, Comal","11,721","10,952","5,540",+97.69%
219,Roma,City,Starr,,"11,520","11,561","9,765",+18.39%
220,Leon Valley,City,Bexar,,"11,429","11,542","10,151",+13.70%
221,Elgin,City,Bastrop,Travis,"11,359","9,784","8,135",+20.27%
222,Port Lavaca,City,Calhoun,,"11,262","11,557","12,248",-5.64%
223,Fredericksburg,City,Gillespie,,"11,257","10,875","10,530",+3.28%
224,Snyder,City,Scurry,,"11,230","11,438","11,202",+2.11%
225,Bastrop,City,Bastrop,,"11,189","9,688","7,218",+34.22%
226,Pecos,City,Reeves,,"11,122","12,916","8,780",+47.11%
227,Fair Oaks Ranch,City,Bexar,"Comal, Kendall","11,104","9,833","5,986",+64.27%
228,Burkburnett,City,Wichita,,"11,102","10,939","10,811",+1.18%
229,Pleasanton,City,Atascosa,,"11,004","10,648","8,934",+19.19%
230,Fairview,Town,Collin,,"10,851","10,372","7,248",+43.10%
231,Bonham,City,Fannin,,"10,746","10,408","10,127",+2.77%
232,Heath,City,Rockwall,Kaufman,"10,733","9,769","6,921",+41.15%
233,Rockport,City,Aransas,,"10,713","10,070","8,766",+14.88%
234,Clute,City,Brazoria,,"10,634","10,604","11,211",-5.41%
235,Bellmead,City,McLennan,,"10,580","10,494","9,901",+5.99%
236,Freeport,City,Brazoria,,"10,546","10,696","12,049",-11.23%
237,Sweetwater,City,Nolan,,"10,408","10,622","10,906",-2.60%
238,Galena Park,City,Harris,,"10,370","10,740","10,887",-1.35%
239,Robstown,City,Nueces,,"10,177","10,143","11,487",-11.70%
240,Raymondville,City,Willacy,,"10,167","10,236","11,284",-9.29%
241,San Elizario[b],City,El Paso,,"10,138","10,116",-,-
242,Ingleside,City,San Patricio,Nueces,"10,106","9,519","9,387",+1.41%
243,Roanoke,City,Denton,,"9,943","9,665","5,962",+62.11%
244,Vernon,City,Wilbarger,,"9,745","10,078","11,002",-8.40%
245,Sanger,City,Denton,,"9,721","8,839","6,916",+27.81%
246,Lago Vista,City,Travis,,"9,692","8,896","6,041",+47.26%
247,Vidor,City,Orange,,"9,678","9,789","10,579",-7.47%
248,Helotes,City,Bexar,,"9,597","9,030","7,341",+23.01%
249,Woodway,City,McLennan,,"9,585","9,383","8,452",+11.02%
250,Bridge City,City,Orange,,"9,574","9,546","7,840",+21.76%
251,Dayton,City,Liberty,,"9,375","8,777","7,242",+21.20%
252,Kennedale,City,Tarrant,,"9,329","8,517","6,763",+25.94%
253,Jacinto City,City,Harris,,"9,318","9,613","10,553",-8.91%
254,Commerce,City,Hunt,,"9,282","9,090","8,078",+12.53%
255,Whitehouse,City,Smith,,"9,154","8,257","7,660",+7.79%
256,Liberty Hill,City,Williamson,,"9,099","3,646",967,+277.04%
257,Mont Belvieu,City,Chambers,Liberty,"8,946","7,654","3,835",+99.58%
258,Pearsall,City,Frio,,"8,878","7,325","9,146",-19.91%
259,Bee Cave,City,Travis,,"8,853","9,144","3,925",+132.97%
260,Northlake,Town,Denton,,"8,827","5,201","1,724",+201.68%
261,Aransas Pass,City,Nueces,"Aransas, San Patricio","8,779","7,941","8,204",-3.21%
262,Graham,City,Young,,"8,750","8,732","8,903",-1.92%
263,Wharton,City,Wharton,,"8,736","8,627","8,832",-2.32%
264,Highland Park,Town,Dallas,,"8,719","8,864","8,564",+3.50%
265,Brownfield,City,Terry,,"8,717","8,936","9,657",-7.47%
266,Joshua,City,Johnson,,"8,667","7,891","5,910",+33.52%
267,Hondo,City,Medina,,"8,636","8,289","8,803",-5.84%
268,Liberty,City,Liberty,,"8,636","8,279","8,397",-1.41%
269,Hillsboro,City,Hill,,"8,548","8,221","8,456",-2.78%
270,Cleveland,City,Liberty,,"8,503","7,471","7,675",-2.66%
271,Lucas,City,Collin,,"8,461","7,612","5,166",+47.35%
272,Providence Village[b],Town,Denton,,"8,440","7,691",-,-
273,Lamesa,City,Dawson,,"8,425","8,674","9,422",-7.94%
274,Prairie View,City,Waller,,"8,420","8,184","5,576",+46.77%
275,Navasota,City,Grimes,,"8,417","7,643","7,049",+8.43%
276,Richland Hills,City,Tarrant,,"8,407","8,621","7,801",+10.51%
277,Dalhart,City,Dallam,Hartley,"8,402","8,447","7,930",+6.52%
278,Sunnyvale,Town,Dallas,,"8,392","7,893","5,130",+53.86%
279,Kaufman,City,Kaufman,,"8,388","6,797","6,703",+1.40%
280,Los Fresnos,City,Cameron,,"8,215","8,114","5,542",+46.41%
281,Fort Stockton,City,Pecos,,"8,189","8,466","8,283",+2.21%
282,Perryton,City,Ochiltree,,"8,139","8,492","8,802",-3.52%
283,Cuero,City,DeWitt,,"8,106","8,128","6,841",+18.81%
284,Kirby,City,Bexar,,"8,087","8,142","8,000",+1.77%
285,Floresville,City,Wilson,,"8,050","7,203","6,448",+11.71%
286,Aubrey,City,Denton,,"7,966","5,006","2,595",+92.91%
287,Lake Dallas,City,Denton,,"7,830","7,708","7,105",+8.49%
288,Lampasas,City,Lampasas,,"7,694","7,291","6,681",+9.13%
289,Hitchcock,City,Galveston,,"7,642","7,301","6,961",+4.88%
290,Jersey Village,City,Harris,,"7,602","7,921","7,620",+3.95%
291,Alamo Heights,City,Bexar,,"7,530","7,357","7,031",+4.64%
292,River Oaks,City,Tarrant,,"7,440","7,646","7,427",+2.95%
293,Jasper,City,Jasper,,"7,423","6,884","7,590",-9.30%
294,Marble Falls,City,Burnet,,"7,423","7,037","6,077",+15.80%
295,Monahans,City,Ward,Winkler,"7,324","7,836","6,953",+12.70%
296,Lacy-Lakeview,City,McLennan,,"7,293","6,988","6,489",+7.69%
297,Decatur,City,Wise,,"7,206","6,538","6,042",+8.21%
298,Gonzales,City,Gonzales,,"7,196","7,165","7,237",-0.99%
299,Seminole,City,Gaines,,"7,141","6,988","6,430",+8.68%
300,Dripping Springs,City,Hays,,"7,057","4,650","1,788",+160.07%
301,Sealy,City,Austin,,"6,956","6,839","6,019",+13.62%
302,Josephine,City,Collin,Hunt,"6,944","2,119",812,+160.96%
303,Willis,City,Montgomery,,"6,939","6,431","5,662",+13.58%
304,Mexia,City,Limestone,,"6,868","6,893","7,459",-7.59%
305,Silsbee,City,Hardin,,"6,864","6,935","6,611",+4.90%
306,La Feria,City,Cameron,,"6,805","6,817","7,302",-6.64%
307,Venus,Town,Johnson,Ellis,"6,752","4,361","2,960",+47.33%
308,Nolanville,City,Bell,,"6,745","5,917","4,259",+38.93%
309,Keene,City,Johnson,,"6,728","6,387","6,106",+4.60%
310,Burnet,City,Burnet,,"6,710","6,436","5,987",+7.50%
311,Lindale,City,Smith,,"6,660","6,059","4,818",+25.76%
312,Wolfforth,City,Lubbock,,"6,589","5,521","3,670",+50.44%
313,Iowa Park,City,Wichita,,"6,583","6,535","6,355",+2.83%
314,Carthage,City,Panola,,"6,562","6,569","6,779",-3.10%
315,Lavon,City,Collin,,"6,517","4,469","2,219",+101.40%
316,Gun Barrel City,City,Henderson,,"6,506","6,190","5,672",+9.13%
317,Bulverde,City,Comal,,"6,494","5,692","4,630",+22.94%
318,Pe√±itas,City,Hidalgo,,"6,340","6,460","4,403",+46.72%
319,Bridgeport,City,Wise,,"6,321","5,923","5,976",-0.89%
320,Crockett,City,Houston,,"6,307","6,332","6,950",-8.89%
321,Gladewater,City,Gregg,Upshur,"6,230","6,134","6,441",-4.77%
322,White Oak,City,Gregg,,"6,227","6,225","6,469",-3.77%
323,Hempstead,City,Waller,,"6,179","5,430","5,770",-5.89%
324,Crystal City,City,Zavala,,"6,145","6,354","7,138",-10.98%
325,Van Alstyne,City,Grayson,Collin,"6,139","4,369","3,046",+43.43%
326,Parker,City,Collin,,"6,073","5,462","3,811",+43.32%
327,Krum,City,Denton,,"6,062","5,483","4,157",+31.90%
328,Edna,City,Jackson,,"6,009","5,987","5,499",+8.87%
329,Oak Point,City,Denton,,"6,009","4,357","2,786",+56.39%
330,Everman,City,Tarrant,,"5,998","6,154","6,108",+0.75%
331,Alpine,City,Brewster,,"5,927","6,035","5,905",+2.20%
332,Alvarado,City,Johnson,,"5,910","4,739","3,785",+25.20%
333,Yoakum,City,Lavaca,DeWitt,"5,891","5,908","5,815",+1.60%
334,Kermit,City,Winkler,,"5,869","6,267","5,708",+9.79%
335,Aledo,City,Parker,,"5,864","4,858","2,716",+78.87%
336,Wake Village,City,Bowie,,"5,841","5,945","5,492",+8.25%
337,Wilmer,City,Dallas,,"5,833","4,974","3,682",+35.09%
338,Windcrest,City,Bexar,,"5,799","5,865","5,364",+9.34%
339,Childress,City,Childress,,"5,797","5,737","6,105",-6.03%
340,Livingston,Town,Polk,,"5,784","5,640","5,335",+5.72%
341,Littlefield,City,Lamb,,"5,783","5,943","6,372",-6.73%
342,McGregor,City,McLennan,Coryell,"5,763","5,321","4,987",+6.70%
343,Slaton,City,Lubbock,,"5,746","5,858","6,121",-4.30%
344,Bowie,City,Montague,,"5,738","5,448","5,218",+4.41%
345,Elsa,City,Hidalgo,,"5,664","5,668","5,660",+0.14%
346,Willow Park,City,Parker,,"5,650","4,936","3,982",+23.96%
347,Hutchins,City,Dallas,,"5,614","5,607","5,338",+5.04%
348,Justin,City,Denton,,"5,597","4,409","3,246",+35.83%
349,Luling,City,Caldwell,Guadalupe,"5,545","5,599","5,411",+3.47%
350,Brookshire,City,Waller,,"5,533","5,066","4,702",+7.74%
351,Rockdale,City,Milam,,"5,529","5,323","5,595",-4.86%
352,Sinton,City,San Patricio,,"5,510","5,504","5,665",-2.84%
353,Argyle,City,Denton,,"5,503","4,403","3,282",+34.16%
354,Marlin,City,Falls,,"5,474","5,462","5,967",-8.46%
355,Rusk,City,Cherokee,,"5,433","5,285","5,551",-4.79%
356,Atlanta,City,Cass,,"5,427","5,433","5,675",-4.26%
357,Cameron,City,Milam,,"5,418","5,306","5,552",-4.43%
358,Hickory Creek,Town,Denton,,"5,406","4,718","3,247",+45.30%
359,Sansom Park,City,Tarrant,,"5,359","5,454","4,686",+16.39%
360,Sandy Oaks[b],City,Bexar,,"5,354","5,075",-,-
361,Granite Shoals,City,Burnet,,"5,324","5,129","4,910",+4.46%
362,Mabank,Town,Kaufman,Henderson,"5,301","4,050","3,035",+33.44%
363,Primera,Town,Cameron,,"5,290","5,257","4,070",+29.16%
364,Post,City,Garza,,"5,237","4,790","5,376",-10.90%
365,Breckenridge,City,Stephens,,"5,177","5,187","5,780",-10.26%
366,Nassau Bay,City,Harris,,"5,164","5,347","4,002",+33.61%
367,Center,City,Shelby,,"5,147","5,221","5,193",+0.54%
368,Giddings,City,Lee,,"5,129","4,969","4,881",+1.80%
369,Port Isabel,City,Cameron,,"5,108","5,028","5,006",+0.44%
370,Hudson,City,Angelina,,"5,107","4,849","4,731",+2.49%
371,Muleshoe,City,Bailey,,"5,054","5,160","5,158",+0.04%
372,Terrell Hills,City,Bexar,,"5,048","5,045","4,878",+3.42%
373,Gilmer,City,Upshur,,"5,029","4,843","4,905",-1.26%
374,Mineola,City,Wood,,"5,017","4,823","4,515",+6.82%
375,Brady,City,McCulloch,,"5,005","5,118","5,528",-7.42%
376,Progreso,City,Hidalgo,,"4,952","4,807","5,507",-12.71%
377,Pilot Point,City,Denton,,"4,886","4,381","3,856",+13.62%
378,Morgan's Point Resort,City,Bell,,"4,772","4,636","4,170",+11.18%
379,Richwood,City,Brazoria,,"4,760","4,781","3,510",+36.21%
380,Horseshoe Bay,City,Burnet,Llano,"4,756","4,257","3,418",+24.55%
381,Carrizo Springs,City,Dimmit,,"4,720","4,892","5,368",-8.87%
382,Lake Worth,City,Tarrant,,"4,667","4,711","4,584",+2.77%
383,La Joya,City,Hidalgo,,"4,660","4,457","3,985",+11.84%
384,Meadows Place,City,Fort Bend,,"4,649","4,767","4,660",+2.30%
385,Hallsville,City,Harrison,,"4,644","4,277","3,577",+19.57%
386,Crandall,City,Kaufman,,"4,641","3,860","2,858",+35.06%
387,Madisonville,City,Madison,,"4,564","4,420","4,396",+0.55%
388,Canton,City,Van Zandt,,"4,561","4,229","3,581",+18.10%
389,Diboll,City,Angelina,,"4,560","4,457","4,776",-6.68%
390,New Boston,City,Bowie,,"4,550","4,612","4,550",+1.36%
391,Hearne,City,Robertson,,"4,538","4,544","4,459",+1.91%
392,Devine,City,Medina,,"4,501","4,324","4,350",-0.60%
393,Falfurrias,City,Brooks,,"4,461","4,609","4,981",-7.47%
394,La Grange,City,Fayette,,"4,449","4,391","4,641",-5.39%
395,McLendon-Chisholm,City,Rockwall,,"4,431","3,562","1,373",+159.43%
396,Pittsburg,City,Camp,,"4,416","4,335","4,497",-3.60%
397,Ovilla,City,Ellis,Dallas,"4,400","4,304","3,492",+23.25%
398,Tulia,City,Swisher,,"4,389","4,473","4,967",-9.95%
399,Palacios,City,Matagorda,,"4,357","4,395","4,718",-6.85%
400,Caldwell,City,Burleson,,"4,350","3,993","4,104",-2.70%
401,Jacksboro,City,Jack,,"4,339","4,184","4,511",-7.25%
402,Garden Ridge,City,Comal,,"4,334","4,186","3,259",+28.44%
403,Hunters Creek Village,City,Harris,,"4,334","4,385","4,367",+0.41%
404,Rio Bravo,City,Webb,,"4,326","4,450","4,794",-7.18%
405,Denver City,Town,Yoakum,Gaines,"4,303","4,470","4,479",-0.20%
406,Whitesboro,City,Grayson,,"4,291","4,074","3,793",+7.41%
407,Mathis,City,San Patricio,,"4,282","4,333","4,942",-12.32%
408,Jourdanton,City,Atascosa,,"4,260","4,094","3,871",+5.76%
409,Spring Valley Village,City,Harris,,"4,260","4,229","3,715",+13.84%
410,Comanche,City,Comanche,,"4,253","4,211","4,335",-2.86%
411,Bullard,Town,Smith,Cherokee,"4,232","3,318","2,463",+34.71%
412,Bellville,City,Austin,,"4,209","4,206","4,097",+2.66%
413,Weston Lakes,City,Fort Bend,,"4,192","3,853","2,482",+55.24%
414,Nash,City,Bowie,,"4,166","3,814","2,960",+28.85%
415,Smithville,City,Bastrop,,"4,130","3,922","3,817",+2.75%
416,Dimmitt,City,Castro,,"4,118","4,171","4,393",-5.05%
417,Friona,City,Parmer,,"4,053","4,171","4,123",+1.16%
418,Farmersville,City,Collin,,"4,015","3,612","3,301",+9.42%
419,Coleman,City,Coleman,,"3,970","3,912","4,709",-16.93%
420,Cisco,City,Eastland,,"3,957","3,883","3,899",-0.41%
421,Clyde,City,Callahan,,"3,945","3,811","3,713",+2.64%
422,Colorado City,City,Mitchell,,"3,939","3,991","4,146",-3.74%
423,Wills Point,City,Van Zandt,,"3,933","3,747","3,524",+6.33%
424,Castle Hills,City,Bexar,,"3,932","3,978","4,116",-3.35%
425,Sullivan City,City,Hidalgo,,"3,903","3,908","4,002",-2.35%
426,Springtown,City,Parker,Wise,"3,807","3,064","2,658",+15.27%
427,Anthony,Town,El Paso,,"3,791","3,671","5,011",-26.74%
428,Bunker Hill Village,City,Harris,,"3,776","3,822","3,633",+5.20%
429,Edgecliff Village,Town,Tarrant,,"3,746","3,788","2,776",+36.46%
430,Columbus,City,Colorado,,"3,714","3,699","3,655",+1.20%
431,Howe,Town,Grayson,,"3,702","3,571","2,600",+37.35%
432,Taylor Lake Village,City,Harris,,"3,696","3,704","3,544",+4.51%
433,Cockrell Hill,City,Dallas,,"3,686","3,815","4,193",-9.02%
434,Laguna Vista,Town,Cameron,,"3,679","3,520","3,117",+12.93%
435,Shenandoah,City,Montgomery,,"3,665","3,499","2,134",+63.96%
436,San Diego,City,Duval,Jim Wells,"3,655","3,748","4,488",-16.49%
437,Eastland,City,Eastland,,"3,640","3,609","3,960",-8.86%
438,Cotulla,City,La Salle,,"3,634","3,718","3,603",+3.19%
439,Shavano Park,City,Bexar,,"3,626","3,524","3,035",+16.11%
440,Groesbeck,City,Limestone,,"3,622","3,631","4,328",-16.10%
441,West Columbia,City,Brazoria,,"3,597","3,644","3,905",-6.68%
442,Ballinger,City,Runnels,,"3,574","3,619","3,767",-3.93%
443,Winnsboro,City,Wood,Franklin,"3,562","3,455","3,434",+0.61%
444,Sweeny,City,Brazoria,,"3,556","3,626","3,684",-1.57%
445,Clifton,City,Bosque,,"3,513","3,465","3,442",+0.67%
446,Caddo Mills,City,Hunt,,"3,502","1,495","1,338",+11.73%
447,Llano,City,Llano,,"3,482","3,325","3,232",+2.88%
448,Chandler,City,Henderson,,"3,476","3,275","2,734",+19.79%
449,Reno,City,Lamar,,"3,474","3,454","3,166",+9.10%
450,Teague,City,Freestone,,"3,455","3,384","3,560",-4.94%
451,Eagle Lake,City,Colorado,,"3,453","3,442","3,639",-5.41%
452,Dublin,City,Erath,,"3,435","3,359","3,654",-8.07%
453,Kenedy,City,Karnes,,"3,432","3,473","3,296",+5.37%
454,West Orange,City,Orange,,"3,414","3,459","3,443",+0.46%
455,Jarrell,City,Williamson,,"3,410","1,753",984,+78.15%
456,Haslet,City,Tarrant,Denton,"3,404","1,952","1,517",+28.68%
457,Crane,City,Crane,,"3,352","3,478","3,353",+3.73%
458,Magnolia,City,Montgomery,,"3,349","2,359","1,393",+69.35%
459,Dilley,City,Frio,,"3,313","3,274","3,894",-15.92%
460,Hideaway,City,Smith,,"3,296","3,201","3,083",+3.83%
461,Reno,City,Parker,Tarrant,"3,290","2,878","2,494",+15.40%
462,Port Aransas,City,Nueces,,"3,277","2,904","3,480",-16.55%
463,Annetta,Town,Parker,,"3,274","3,041","1,288",+136.10%
464,West Lake Hills,City,Travis,,"3,252","3,444","3,063",+12.44%
465,Beach City,City,Chambers,,"3,230","3,221","2,198",+46.54%
466,Grand Saline,City,Van Zandt,,"3,219","3,107","3,136",-0.92%
467,Onalaska,City,Polk,,"3,205","3,020","1,764",+71.20%
468,Early,City,Brown,,"3,200","3,087","2,762",+11.77%
469,Presidio,City,Presidio,,"3,170","3,264","4,426",-26.25%
470,Henrietta,City,Clay,,"3,169","3,111","3,141",-0.96%
471,Combes,Town,Cameron,,"3,166","2,999","2,895",+3.59%
472,DeCordova,City,Hood,,"3,159","3,007","2,683",+12.08%
473,Nocona,City,Montague,,"3,138","3,002","3,033",-1.02%
474,San Saba,City,San Saba,,"3,127","3,117","3,099",+0.58%
475,Waller,City,Waller,Harris,"3,117","2,682","2,326",+15.31%
476,Karnes City,City,Karnes,,"3,112","3,111","3,042",+2.27%
477,Bishop,City,Nueces,,"3,101","3,174","3,134",+1.28%
478,Hollywood Park,Town,Bexar,,"3,094","3,130","3,062",+2.22%
479,Needville,City,Fort Bend,,"3,091","3,089","2,823",+9.42%
480,Spearman,City,Hansford,,"3,083","3,171","3,368",-5.85%
481,Castroville,City,Medina,,"3,077","2,954","2,680",+10.22%
482,Double Oak,Town,Denton,,"3,077","3,054","2,867",+6.52%
483,Haskell,City,Haskell,,"3,075","3,089","3,322",-7.01%
484,Piney Point Village,City,Harris,,"3,075","3,128","3,125",+0.10%
485,Cactus,City,Moore,,"3,052","3,057","3,179",-3.84%
486,Lytle,City,Atascosa,"Bexar, Medina","3,052","2,914","2,492",+16.93%
487,La Villa,City,Hidalgo,,"3,004","2,804","1,957",+43.28%
488,Olney,City,Young,,"3,003","3,007","3,285",-8.46%
489,Oak Ridge North,City,Montgomery,,"2,995","3,057","3,049",+0.26%
490,El Lago,City,Harris,,"2,975","3,090","2,706",+14.19%
491,Hackberry,Town,Denton,,"2,964","2,973",968,+207.13%
492,Poteet,City,Atascosa,,"2,948","2,795","3,260",-14.26%
493,Shady Shores,Town,Denton,,"2,940","2,764","2,612",+5.82%
494,Shallowater,City,Lubbock,,"2,938","2,964","2,484",+19.32%
495,Stamford,City,Haskell,Jones,"2,921","2,907","3,124",-6.95%
496,Fairfield,City,Freestone,,"2,901","2,850","2,951",-3.42%
497,Ferris,City,Ellis,Dallas,"2,893","2,788","2,436",+14.45%
498,Wimberley,City,Hays,,"2,890","2,839","2,626",+8.11%
499,Hamilton,City,Hamilton,,"2,887","2,895","3,095",-6.46%
500,Talty,Town,Kaufman,,"2,886","2,500","1,535",+62.87%
501,Taft,City,San Patricio,,"2,869","2,801","3,048",-8.10%
502,Rancho Viejo,Town,Cameron,,"2,852","2,838","2,437",+16.45%
503,Brazoria,City,Brazoria,,"2,840","2,866","3,019",-5.07%
504,Clarksville,City,Red River,,"2,833","2,857","3,285",-13.03%
505,Glen Rose,City,Somervell,,"2,817","2,659","2,444",+8.80%
506,Van,City,Van Zandt,,"2,816","2,664","2,632",+1.22%
507,Abernathy,City,Hale,Lubbock,"2,814","2,865","2,805",+2.14%
508,Vinton,Village,El Paso,,"2,780","2,684","1,971",+36.17%
509,Pottsboro,Town,Grayson,,"2,756","2,488","2,160",+15.19%
510,Refugio,Town,Refugio,,"2,754","2,712","2,890",-6.16%
511,Big Lake,City,Reagan,,"2,748","2,965","2,936",+0.99%
512,Hallettsville,City,Lavaca,,"2,733","2,731","2,550",+7.10%
513,Troy,City,Bell,,"2,727","2,375","1,645",+44.38%
514,Schulenburg,City,Fayette,,"2,718","2,633","2,852",-7.68%
515,Balcones Heights,City,Bexar,,"2,711","2,746","2,941",-6.63%
516,Edcouch,City,Hidalgo,,"2,693","2,732","3,161",-13.57%
517,Godley,City,Johnson,,"2,674","1,450","1,009",+43.71%
518,Stanton,City,Martin,,"2,658","2,657","2,492",+6.62%
519,Westworth Village,City,Tarrant,,"2,635","2,585","2,472",+4.57%
520,Floydada,City,Floyd,,"2,594","2,675","3,038",-11.95%
521,Palmhurst,City,Hidalgo,,"2,590","2,601","2,607",-0.23%
522,Ponder,Town,Denton,,"2,588","2,442","1,395",+75.05%
523,Seymour,City,Baylor,,"2,580","2,575","2,740",-6.02%
524,West,City,McLennan,,"2,575","2,531","2,807",-9.83%
525,Jonestown,City,Travis,,"2,573","2,365","1,834",+28.95%
526,Escobares,City,Starr,,"2,572","2,588","1,188",+117.85%
527,Hudson Oaks,City,Parker,,"2,572","2,174","1,662",+30.81%
528,Mount Vernon,Town,Franklin,,"2,541","2,491","2,662",-6.42%
529,Panorama Village,City,Montgomery,,"2,528","2,515","2,170",+15.90%
530,Junction,City,Kimble,,"2,519","2,451","2,574",-4.78%
531,Daingerfield,City,Morris,,"2,518","2,522","2,560",-1.48%
532,Pantego,Town,Tarrant,,"2,500","2,568","2,394",+7.27%
533,Hooks,City,Bowie,,"2,494","2,518","2,769",-9.06%
534,Palmer,Town,Ellis,,"2,485","2,393","2,000",+19.65%
535,Combine,City,Kaufman,Dallas,"2,475","2,245","1,942",+15.60%
536,El Cenizo,City,Webb,,"2,451","2,540","3,273",-22.40%
537,Montgomery,City,Montgomery,,"2,445","1,948",621,+213.69%
538,The Hills,Village,Travis,,"2,439","2,613","2,472",+5.70%
539,Merkel,Town,Taylor,,"2,430","2,471","2,590",-4.59%
540,Premont,City,Jim Wells,,"2,429","2,455","2,653",-7.46%
541,Pelican Bay,City,Tarrant,,"2,421","2,049","1,547",+32.45%
542,Trinity,City,Trinity,,"2,417","2,343","2,697",-13.13%
543,Woodville,Town,Tyler,,"2,415","2,403","2,586",-7.08%
544,Tahoka,City,Lynn,,"2,413","2,375","2,673",-11.15%
545,Santa Rosa,Town,Cameron,,"2,408","2,450","2,873",-14.72%
546,Salado,Village,Bell,,"2,403","2,394","2,126",+12.61%
547,Gunter,City,Grayson,,"2,400","2,060","1,498",+37.52%
548,Freer,City,Duval,,"2,390","2,461","2,818",-12.67%
549,Sonora,City,Sutton,,"2,386","2,502","3,027",-17.34%
550,Nixon,City,Gonzales,Wilson,"2,378","2,341","2,385",-1.84%
551,Panhandle,Town,Carson,,"2,361","2,378","2,452",-3.02%
552,Blue Mound,City,Tarrant,,"2,331","2,393","2,394",-0.04%
553,Winters,City,Runnels,,"2,330","2,345","2,562",-8.47%
554,Hedwig Village,City,Harris,,"2,321","2,370","2,557",-7.31%
555,De Leon,City,Comanche,,"2,309","2,258","2,246",+0.53%
556,St. Hedwig,Town,Bexar,,"2,303","2,227","2,094",+6.35%
557,Anson,City,Jones,,"2,301","2,294","2,430",-5.60%
558,Overton,City,Rusk,Smith,"2,296","2,275","2,554",-10.92%
559,Electra,City,Wichita,,"2,291","2,292","2,791",-17.88%
560,Ranger,City,Eastland,,"2,285","2,300","2,468",-6.81%
561,Dalworthington Gardens,City,Tarrant,,"2,271","2,293","2,259",+1.51%
562,Elmendorf,City,Bexar,Wilson,"2,264","1,862","1,488",+25.13%
563,Odem,City,San Patricio,,"2,250","2,255","2,389",-5.61%
564,Quanah,City,Hardeman,,"2,247","2,279","2,641",-13.71%
565,East Bernard,City,Wharton,,"2,243","2,218","2,272",-2.38%
566,Malakoff,City,Henderson,,"2,243","2,179","2,324",-6.24%
567,Tool,City,Henderson,,"2,243","2,175","2,240",-2.90%
568,Lyford,City,Willacy,,"2,239","2,249","2,611",-13.86%
569,Arcola,City,Fort Bend,,"2,236","2,034","1,642",+23.87%
570,Briarcliff,Village,Travis,,"2,231","2,062","1,438",+43.39%
571,Canadian,City,Hemphill,,"2,230","2,339","2,649",-11.70%
572,Pinehurst,City,Orange,,"2,206","2,232","2,097",+6.44%
573,Seagraves,City,Gaines,,"2,200","2,153","2,417",-10.92%
574,Rio Hondo,City,Cameron,,"2,176","2,021","2,356",-14.22%
575,Shiner,City,Lavaca,,"2,173","2,127","2,069",+2.80%
576,Olmos Park,City,Bexar,,"2,165","2,180","2,237",-2.55%
577,George West,City,Live Oak,,"2,159","2,171","2,445",-11.21%
578,Kountze,City,Hardin,,"2,155","1,981","2,123",-6.69%
579,Mason,City,Mason,,"2,145","2,121","2,114",+0.33%
580,Idalou,City,Lubbock,,"2,129","2,193","2,250",-2.53%
581,Roman Forest,City,Montgomery,,"2,100","1,781","1,538",+15.80%
582,Weimar,City,Colorado,,"2,092","2,076","2,151",-3.49%
583,Troup,City,Smith,Cherokee,"2,079","2,006","1,869",+7.33%
584,Whitney,Town,Hill,,"2,063","1,992","2,087",-4.55%
585,South Padre Island,Town,Cameron,,"2,056","2,066","2,816",-26.63%
586,Leonard,City,Fannin,,"2,055","1,987","1,990",-0.15%
587,Huntington,City,Angelina,,"2,051","2,025","2,118",-4.39%
588,Italy,Town,Ellis,,"2,041","1,926","1,863",+3.38%
589,Memphis,City,Hall,,"2,029","2,048","2,290",-10.57%
590,Bertram,City,Burnet,,"2,016","1,616","1,353",+19.44%
591,Hale Center,City,Hale,,"2,016","2,062","2,252",-8.44%
592,Copper Canyon,Town,Denton,,"2,015","1,731","1,334",+29.76%
593,Kirbyville,City,Jasper,,"2,015","2,036","2,142",-4.95%
594,Collinsville,Town,Grayson,,"2,012","1,866","1,624",+14.90%
595,Little River-Academy,City,Bell,,"1,996","1,992","1,961",+1.58%
596,Ganado,City,Jackson,,"1,994","1,975","2,003",-1.40%
597,Shepherd,City,San Jacinto,,"1,985","2,105","2,319",-9.23%
598,Quitman,City,Wood,,"1,983","1,942","1,809",+7.35%
599,Cooper,City,Delta,,"1,982","1,911","1,969",-2.95%
600,West Tawakoni,City,Hunt,,"1,971","1,895","1,576",+20.24%
601,Krugerville,City,Denton,,"1,970","1,766","1,662",+6.26%
602,Stratford,City,Sherman,,"1,965","1,939","2,017",-3.87%
603,Anahuac,City,Chambers,,"1,956","1,980","2,243",-11.73%
604,Jones Creek,Village,Brazoria,,"1,956","1,975","2,020",-2.23%
605,Cross Roads,Town,Denton,,"1,955","1,744","1,563",+11.58%
606,Clarendon,City,Donley,,"1,948","1,877","2,026",-7.35%
607,Olton,City,Lamb,,"1,935","1,989","2,215",-10.20%
608,Waskom,City,Harrison,,"1,933","1,910","2,160",-11.57%
609,Van Horn,Town,Culberson,,"1,920","1,941","2,063",-5.91%
610,Poth,Town,Wilson,,"1,912","1,819","1,908",-4.66%
611,Grandview,City,Johnson,,"1,904","1,879","1,561",+20.37%
612,Cresson,City,Parker,"Hood, Johnson","1,901","1,349",741,+82.05%
613,Meadowlakes,City,Burnet,,"1,901","1,907","1,777",+7.32%
614,Albany,City,Shackelford,,"1,900","1,854","2,034",-8.85%
615,San Augustine,City,San Augustine,,"1,885","1,920","2,108",-8.92%
616,Blanco,City,Blanco,,"1,883","1,682","1,739",-3.28%
617,Beverly Hills,City,McLennan,,"1,871","1,878","1,995",-5.86%
618,Splendora,City,Montgomery,,"1,867","1,683","1,615",+4.21%
619,Eden,City,Concho,,"1,853","1,100","2,766",-60.23%
620,Woodcreek,City,Hays,,"1,852","1,770","1,457",+21.48%
621,Jefferson,City,Marion,,"1,850","1,875","2,106",-10.97%
622,Hamlin,City,Jones,Fisher,"1,847","1,831","2,124",-13.79%
623,Mart,City,McLennan,Limestone,"1,846","1,748","2,209",-20.87%
624,Southside Place,City,Harris,,"1,845","1,835","1,715",+7.00%
625,Ingram,City,Kerr,,"1,836","1,787","1,804",-0.94%
626,Wellington,City,Collingsworth,,"1,827","1,896","2,189",-13.39%
627,Johnson City,City,Blanco,,"1,826","1,627","1,656",-1.75%
628,Buffalo,City,Leon,,"1,821","1,767","1,856",-4.80%
629,Sour Lake,City,Hardin,,"1,821","1,773","1,813",-2.21%
630,Fritch,City,Hutchinson,Moore,"1,815","1,859","2,117",-12.19%
631,Runaway Bay,City,Wise,,"1,815","1,546","1,286",+20.22%
632,Linden,City,Cass,,"1,814","1,825","1,988",-8.20%
633,Whitewright,Town,Grayson,Fannin,"1,814","1,725","1,604",+7.54%
634,Patton Village,City,Montgomery,,"1,806","1,647","1,557",+5.78%
635,Somerset,City,Bexar,,"1,800","1,756","1,631",+7.66%
636,Rhome,City,Wise,,"1,796","1,630","1,522",+7.10%
637,Bartonville,Town,Denton,,"1,793","1,725","1,469",+17.43%
638,Kemah,City,Galveston,,"1,792","1,807","1,773",+1.92%
639,Yorktown,City,DeWitt,,"1,789","1,810","2,092",-13.48%
640,Westlake,Town,Tarrant,Denton,"1,783","1,623",992,+63.61%
641,Lorena,City,McLennan,,"1,780","1,785","1,691",+5.56%
642,Itasca,City,Hill,,"1,767","1,562","1,644",-4.99%
643,Honey Grove,City,Fannin,,"1,760","1,715","1,668",+2.82%
644,Bayou Vista,City,Galveston,,"1,756","1,763","1,537",+14.70%
645,Uhland,City,Hays,Caldwell,"1,751","1,588","1,014",+56.61%
646,Goldthwaite,City,Mills,,"1,742","1,738","1,878",-7.45%
647,McCamey,City,Upton,,"1,741","1,831","1,887",-2.97%
648,Gregory,City,San Patricio,,"1,731","1,740","1,907",-8.76%
649,Franklin,City,Robertson,,"1,728","1,614","1,564",+3.20%
650,Marfa,City,Presidio,,"1,725","1,788","1,981",-9.74%
651,Shamrock,City,Wheeler,,"1,713","1,789","1,910",-6.34%
652,Lowry Crossing,City,Collin,,"1,699","1,689","1,711",-1.29%
653,Sunray,City,Moore,,"1,697","1,707","1,926",-11.37%
654,Morton,City,Cochran,,"1,694","1,690","2,006",-15.75%
655,Edgewood,Town,Van Zandt,,"1,689","1,530","1,441",+6.18%
656,Goliad,City,Goliad,,"1,683","1,620","1,908",-15.09%
657,Danbury,City,Brazoria,,"1,662","1,671","1,715",-2.57%
658,Bovina,City,Parmer,,"1,652","1,699","1,868",-9.05%
659,Oak Leaf,City,Ellis,,"1,651","1,552","1,298",+19.57%
660,Muenster,City,Cooke,,"1,627","1,536","1,544",-0.52%
661,Stinnett,City,Hutchinson,,"1,624","1,650","1,881",-12.28%
662,Bartlett,City,Williamson,Bell,"1,613","1,633","1,623",+0.62%
663,Lakeside,Town,Tarrant,,"1,610","1,649","1,307",+26.17%
664,Archer City,City,Archer,,"1,606","1,601","1,834",-12.70%
665,Holliday,City,Archer,,"1,605","1,524","1,758",-13.31%
666,Ralls,City,Crosby,,"1,604","1,665","1,944",-14.35%
667,Moody,City,McLennan,,"1,601","1,376","1,371",+0.36%
668,Newton,City,Newton,,"1,593","1,633","2,478",-34.10%
669,Charlotte,City,Atascosa,,"1,575","1,524","1,715",-11.14%
670,Brookside Village,City,Brazoria,,"1,573","1,548","1,523",+1.64%
671,Bells,Town,Grayson,,"1,557","1,521","1,392",+9.27%
672,Cottonwood Shores,City,Burnet,,"1,557","1,403","1,123",+24.93%
673,Fulton,Town,Aransas,,"1,555","1,523","1,358",+12.15%
674,Hughes Springs,City,Cass,Morris,"1,549","1,575","1,760",-10.51%
675,Three Rivers,City,Live Oak,,"1,545","1,474","1,848",-20.24%
676,Boyd,Town,Wise,,"1,543","1,416","1,207",+17.32%
677,Bangs,City,Brown,,"1,535","1,540","1,603",-3.93%
678,Shoreacres,City,Harris,,"1,524","1,566","1,493",+4.89%
679,Eldorado,City,Schleicher,,"1,519","1,574","1,951",-19.32%
680,New Fairview,City,Wise,,"1,515","1,386","1,258",+10.17%
681,Baird,City,Callahan,,"1,510","1,479","1,496",-1.14%
682,Aurora,City,Wise,,"1,504","1,390","1,220",+13.93%
683,Alvord,Town,Wise,,"1,486","1,351","1,334",+1.27%
684,De Kalb,City,Bowie,,"1,485","1,527","1,699",-10.12%
685,Corrigan,Town,Polk,,"1,478","1,477","1,595",-7.40%
686,Quinlan,City,Hunt,,"1,478","1,414","1,394",+1.43%
687,Woodbranch,City,Montgomery,,"1,476","1,330","1,282",+3.74%
688,Grapeland,City,Houston,,"1,475","1,465","1,489",-1.61%
689,Kerens,City,Navarro,,"1,474","1,505","1,573",-4.32%
690,Stockdale,City,Wilson,,"1,467","1,413","1,442",-2.01%
691,Crosbyton,City,Crosby,,"1,461","1,492","1,741",-14.30%
692,Lockney,Town,Floyd,,"1,453","1,498","1,842",-18.68%
693,Bruceville-Eddy,City,McLennan,Falls,"1,450","1,413","1,475",-4.20%
694,Wheeler,City,Wheeler,,"1,445","1,487","1,592",-6.60%
695,Seven Points,City,Henderson,Kaufman,"1,432","1,370","1,455",-5.84%
696,Rollingwood,City,Travis,,"1,428","1,467","1,412",+3.90%
697,Blossom,City,Lamar,,"1,422","1,402","1,494",-6.16%
698,Plum Grove,City,Liberty,,"1,422","1,245",600,+107.50%
699,Wolfe City,City,Hunt,,"1,421","1,399","1,412",-0.92%
700,Hubbard,City,Hill,,"1,420","1,394","1,423",-2.04%
701,Meridian,City,Bosque,,"1,415","1,396","1,493",-6.50%
702,Naples,City,Morris,,"1,404","1,387","1,378",+0.65%
703,Lone Star,City,Morris,,"1,401","1,400","1,581",-11.45%
704,Queen City,City,Cass,,"1,394","1,397","1,476",-5.35%
705,Farwell,City,Parmer,,"1,387","1,425","1,363",+4.55%
706,Hico,City,Hamilton,,"1,384","1,335","1,379",-3.19%
707,Sabinal,City,Uvalde,,"1,379","1,364","1,695",-19.53%
708,Ivanhoe,City,Tyler,,"1,377","1,327",887,+49.61%
709,Palm Valley,City,Cameron,,"1,376","1,413","1,304",+8.36%
710,Somerville,City,Burleson,,"1,364","1,312","1,376",-4.65%
711,Tatum,City,Rusk,Panola,"1,364","1,342","1,385",-3.10%
712,Flatonia,Town,Fayette,,"1,353","1,308","1,383",-5.42%
713,Hawkins,City,Wood,,"1,351","1,274","1,278",-0.31%
714,Menard,City,Menard,,"1,351","1,348","1,471",-8.36%
715,Emory,City,Rains,,"1,344","1,251","1,239",+0.97%
716,Thorndale,City,Milam,Williamson,"1,344","1,263","1,336",-5.46%
717,Wallis,City,Austin,,"1,341","1,292","1,252",+3.19%
718,Booker,Town,Lipscomb,Ochiltree,"1,339","1,437","1,516",-5.21%
719,Brackettville,City,Kinney,,"1,331","1,341","1,688",-20.56%
720,Nevada,City,Collin,,"1,324","1,314",822,+59.85%
721,Rosebud,City,Falls,,"1,318","1,296","1,412",-8.22%
722,Plains,Town,Yoakum,,"1,316","1,355","1,481",-8.51%
723,Rotan,City,Fisher,,"1,313","1,332","1,508",-11.67%
724,Old River-Winfree,City,Chambers,Liberty,"1,312","1,315","1,245",+5.62%
725,Natalia,City,Medina,,"1,307","1,202","1,431",-16.00%
726,Big Sandy,Town,Upshur,,"1,286","1,231","1,343",-8.34%
727,Valley Mills,City,Bosque,McLennan,"1,282","1,229","1,203",+2.16%
728,Sundown,City,Hockley,,"1,277","1,283","1,397",-8.16%
729,Lexington,Town,Lee,,"1,274","1,217","1,177",+3.40%
730,China,City,Jefferson,,"1,273","1,260","1,160",+8.62%
731,Woodsboro,Town,Refugio,,"1,271","1,319","1,512",-12.76%
732,Brownsboro,City,Henderson,,"1,270","1,212","1,039",+16.65%
733,Clear Lake Shores,City,Galveston,,"1,266","1,258","1,063",+18.34%
734,Kemp,City,Kaufman,,"1,262","1,129","1,154",-2.17%
735,Elkhart,Town,Anderson,,"1,256","1,287","1,371",-6.13%
736,Point Venture,Village,Travis,,"1,252","1,260",800,+57.50%
737,Gholson,City,McLennan,,"1,239","1,250","1,061",+17.81%
738,Roscoe,City,Nolan,,"1,238","1,271","1,322",-3.86%
739,Rice,City,Navarro,,"1,236","1,203",923,+30.34%
740,Tioga,Town,Grayson,,"1,236","1,142",803,+42.22%
741,Kempner,City,Lampasas,,"1,235","1,146","1,089",+5.23%
742,La Vernia,City,Wilson,,"1,233","1,077","1,034",+4.16%
743,Martindale,City,Caldwell,,"1,225","1,253","1,116",+12.28%
744,Lakeside City,Town,Archer,,"1,217","1,082",997,+8.53%
745,Munday,City,Knox,,"1,213","1,246","1,300",-4.15%
746,La Grulla,City,Starr,,"1,207","1,222","1,622",-24.66%
747,Blue Ridge,City,Collin,,"1,199","1,180",822,+43.55%
748,Oyster Creek,City,Brazoria,,"1,199","1,173","1,111",+5.58%
749,Claude,City,Armstrong,,"1,197","1,186","1,196",-0.84%
750,Tye,City,Taylor,,"1,197","1,176","1,242",-5.31%
751,Florence,City,Williamson,,"1,196","1,171","1,136",+3.08%
752,Newark,City,Wise,Tarrant,"1,196","1,096","1,005",+9.05%
753,Von Ormy,City,Bexar,,"1,195","1,174","1,085",+8.20%
754,Cut and Shoot,City,Montgomery,,"1,185","1,087","1,070",+1.59%
755,Granger,City,Williamson,,"1,185","1,183","1,419",-16.63%
756,Orange Grove,City,Jim Wells,,"1,185","1,165","1,318",-11.61%
757,LaCoste,City,Medina,,"1,169","1,077","1,119",-3.75%
758,Rio Vista,City,Johnson,,"1,168","1,008",873,+15.46%
759,Ransom Canyon,Town,Lubbock,,"1,167","1,189","1,096",+8.49%
760,Pine Island,Town,Waller,,"1,161","1,077",988,+9.01%
761,Benavides,City,Duval,,"1,160","1,183","1,362",-13.14%
762,Ore City,City,Upshur,,"1,155","1,108","1,144",-3.15%
763,Sterling City,City,Sterling,,"1,151","1,121",888,+26.24%
764,Eustace,City,Henderson,,"1,150","1,137",991,+14.73%
765,China Grove,Town,Bexar,,"1,134","1,141","1,179",-3.22%
766,Oak Ridge,Town,Kaufman,,"1,109",771,495,+55.76%
767,Rogers,Town,Bell,,"1,109","1,113","1,218",-8.62%
768,Holland,Town,Bell,,"1,108","1,075","1,121",-4.10%
769,Frankston,Town,Anderson,,"1,103","1,126","1,229",-8.38%
770,Gruver,City,Hansford,,"1,101","1,130","1,194",-5.36%
771,Tiki Island,Village,Galveston,,"1,101","1,106",968,+14.26%
772,Lindsay,City,Cooke,,"1,099","1,045","1,018",+2.65%
773,Tolar,City,Hood,,"1,092",941,681,+38.18%
774,Bogata,City,Red River,,"1,087","1,074","1,153",-6.85%
775,Pleak,Village,Fort Bend,,"1,082",971,"1,044",-6.99%
776,Jamaica Beach,City,Galveston,,"1,066","1,078",983,+9.66%
777,Marion,City,Guadalupe,,"1,066","1,034","1,066",-3.00%
778,Ames,City,Liberty,,"1,064",937,"1,003",-6.58%
779,Southmayd,City,Grayson,,"1,063",978,992,-1.41%
780,Riesel,City,McLennan,,"1,058","1,062","1,007",+5.46%
781,Bevil Oaks,City,Jefferson,,"1,045","1,089","1,274",-14.52%
782,Alto,Town,Cherokee,,"1,044","1,027","1,225",-16.16%
783,Robert Lee,City,Coke,,"1,042","1,027","1,049",-2.10%
784,Daisetta,City,Liberty,,"1,039",923,966,-4.45%
785,Knox City,City,Knox,,"1,036","1,065","1,130",-5.75%
786,Holiday Lakes,Town,Brazoria,,"1,034",991,"1,107",-10.48%
787,Santa Anna,Town,Coleman,,"1,034","1,014","1,099",-7.73%
788,Chico,City,Wise,,"1,031",946,"1,002",-5.59%
789,Hemphill,City,Sabine,,"1,031","1,029","1,198",-14.11%
790,Clint,Town,El Paso,,"1,016",923,926,-0.32%
791,Los Indios,Town,Cameron,,"1,011","1,008","1,083",-6.93%
792,Iraan,City,Pecos,,"1,008","1,055","1,229",-14.16%
793,Wortham,Town,Navarro,,"1,007",980,"1,073",-8.67%
794,Paducah,Town,Cottle,,"1,001","1,063","1,186",-10.37%
795,Tenaha,Town,Shelby,,"1,001",989,"1,160",-14.74%
796,Seadrift,City,Calhoun,,997,995,"1,364",-27.05%
797,Timpson,City,Shelby,,996,989,"1,155",-14.37%
798,St. Paul,Town,Collin,,995,992,"1,066",-6.94%
799,Lakeport,City,Gregg,,987,976,974,+0.21%
800,Petersburg,City,Hale,,983,"1,014","1,202",-15.64%
801,Gorman,City,Eastland,,982,976,"1,083",-9.88%
802,New London,City,Rusk,,976,958,998,-4.01%
803,Maud,City,Bowie,,973,977,"1,056",-7.48%
804,Calvert,City,Robertson,,965,962,"1,192",-19.30%
805,Tom Bean,City,Grayson,,964,930,"1,045",-11.00%
806,Mustang Ridge,City,Travis,Caldwell,962,944,861,+9.64%
807,Fairchilds,Village,Fort Bend,,960,864,763,+13.24%
808,New Waverly,City,Walker,,956,914,"1,032",-11.43%
809,Arp,City,Smith,,954,892,970,-8.04%
810,Bronte,Town,Coke,,948,933,999,-6.61%
811,Waelder,City,Gonzales,,948,933,"1,065",-12.39%
812,Hill Country Village,City,Bexar,,946,942,985,-4.37%
813,Maypearl,City,Ellis,,942,939,934,+0.54%
814,Lorenzo,City,Crosby,,939,964,"1,147",-15.95%
815,East Mountain,City,Upshur,Gregg,935,899,797,+12.80%
816,Omaha,City,Morris,,935,936,"1,021",-8.33%
817,Centerville,City,Leon,,932,905,892,+1.46%
818,Red Lick,City,Bowie,,931,946,"1,008",-6.15%
819,Runge,Town,Karnes,,928,892,"1,031",-13.48%
820,Sudan,City,Lamb,,928,940,958,-1.88%
821,Cross Plains,Town,Callahan,,926,899,982,-8.45%
822,St. Jo,City,Montague,,924,881,"1,043",-15.53%
823,Groveton,City,Trinity,,922,918,"1,057",-13.15%
824,Crawford,Town,McLennan,,913,887,717,+23.71%
825,Miles,City,Runnels,,908,875,829,+5.55%
826,White Deer,Town,Carson,,907,918,"1,000",-8.20%
827,Coahoma,Town,Howard,,905,945,817,+15.67%
828,Earth,City,Lamb,,898,901,"1,065",-15.40%
829,Pineland,City,Sabine,,898,888,850,+4.47%
830,Anton,City,Hockley,,889,907,"1,126",-19.45%
831,Berryville,Town,Henderson,,883,824,975,-15.49%
832,East Tawakoni,City,Rains,,883,824,883,-6.68%
833,Wells,Town,Cherokee,,880,853,790,+7.97%
834,Blooming Grove,Town,Navarro,,872,857,821,+4.38%
835,Bremond,City,Robertson,,872,858,929,-7.64%
836,New Summerfield,City,Cherokee,,871,843,"1,111",-24.12%
837,Rocksprings,Town,Edwards,,866,874,"1,182",-26.06%
838,Vega,City,Oldham,,865,879,884,-0.57%
839,Hart,City,Castro,,862,869,"1,114",-21.99%
840,Wink,City,Winkler,,862,915,940,-2.66%
841,Thrall,City,Williamson,,861,816,839,-2.74%
842,Indian Lake,Town,Cameron,,860,839,640,+31.09%
843,Moulton,Town,Lavaca,,856,854,886,-3.61%
844,Trinidad,City,Henderson,,856,860,886,-2.93%
845,Coldspring,City,San Jacinto,,854,819,853,-3.99%
846,Garrett,Town,Ellis,,848,829,806,+2.85%
847,Redwater,City,Bowie,,847,853,"1,057",-19.30%
848,Celeste,City,Hunt,,843,809,814,-0.61%
849,Walnut Springs,City,Bosque,,842,795,827,-3.87%
850,Spur,City,Dickens,,839,863,"1,318",-34.52%
851,Tuscola,City,Taylor,,838,850,742,+14.56%
852,Bandera,City,Bandera,,837,829,857,-3.27%
853,Post Oak Bend City,Town,Kaufman,,835,683,595,+14.79%
854,Hardin,City,Liberty,,828,768,819,-6.23%
855,Dawson,Town,Navarro,,824,815,807,+0.99%
856,Garrison,City,Nacogdoches,,819,789,895,-11.84%
857,Hilshire Village,City,Harris,,808,816,746,+9.38%
858,Jewett,City,Leon,,808,793,"1,167",-32.05%
859,Santa Clara,City,Guadalupe,,807,778,725,+7.31%
860,Road Runner[b],Town,Cooke,,806,766,-,-
861,Trenton,City,Fannin,,796,743,635,+17.01%
862,Lometa,City,Lampasas,,791,753,856,-12.03%
863,Knollwood,City,Grayson,,790,764,226,+238.05%
864,Coolidge,Town,Limestone,,786,778,955,-18.53%
865,Bailey's Prairie,Village,Brazoria,,785,775,727,+6.60%
866,Scurry,Town,Kaufman,,782,688,681,+1.03%
867,Sunrise Beach Village,City,Llano,,781,739,713,+3.65%
868,Clarksville City,City,Gregg,Upshur,778,780,865,-9.83%
869,Throckmorton,Town,Throckmorton,,778,727,828,-12.20%
870,Point,City,Rains,,777,745,820,-9.15%
871,Valley View,City,Cooke,,777,737,757,-2.64%
872,Log Cabin,City,Henderson,,771,678,714,-5.04%
873,Ector,City,Fannin,,770,737,695,+6.04%
874,Rising Star,Town,Eastland,,765,756,835,-9.46%
875,Mertzon,City,Irion,,757,747,781,-4.35%
876,Payne Springs,Town,Henderson,,750,741,767,-3.39%
877,Rankin,City,Upton,,744,780,778,+0.26%
878,Aspermont,Town,Stonewall,,742,789,919,-14.15%
879,Lone Oak,City,Hunt,,742,643,598,+7.53%
880,Milford,Town,Ellis,,739,722,728,-0.82%
881,Beckville,City,Panola,,737,722,847,-14.76%
882,Como,Town,Hopkins,,737,728,702,+3.70%
883,Crowell,City,Foard,,736,769,948,-18.88%
884,New Deal,Town,Lubbock,,735,730,794,-8.06%
885,Savoy,City,Fannin,,735,712,831,-14.32%
886,Pecan Hill,City,Ellis,,734,735,626,+17.41%
887,Joaquin,City,Shelby,,730,734,824,-10.92%
888,O'Donnell,City,Lynn,Dawson,720,704,831,-15.28%
889,Weir,City,Williamson,,720,699,450,+55.33%
890,Lake Tanglewood,Village,Randall,,719,686,796,-13.82%
891,San Felipe,Town,Austin,,713,691,747,-7.50%
892,Oak Grove,Town,Kaufman,,710,617,603,+2.32%
893,Graford,City,Palo Pinto,,706,669,584,+14.55%
894,Lakewood Village,City,Denton,,706,635,545,+16.51%
895,Kenefick,Town,Liberty,,705,615,563,+9.24%
896,Detroit,Town,Red River,,702,704,732,-3.83%
897,Asherton,City,Dimmit,,699,722,"1,084",-33.39%
898,Cumby,City,Hopkins,,699,679,777,-12.61%
899,New Berlin,City,Guadalupe,,699,656,511,+28.38%
900,Burke,City,Angelina,,697,691,737,-6.24%
901,Hillcrest,Village,Brazoria,,691,705,730,-3.42%
902,Mountain City,City,Hays,,687,622,648,-4.01%
903,Agua Dulce,City,Nueces,,678,685,812,-15.64%
904,New Hope,Town,Collin,,674,661,614,+7.65%
905,Niederwald,City,Hays,Caldwell,673,668,565,+18.23%
906,Point Blank,City,San Jacinto,,673,643,688,-6.54%
907,Surfside Beach,City,Brazoria,,668,640,482,+32.78%
908,Annetta South,Town,Parker,,666,621,526,+18.06%
909,Driscoll,City,Nueces,,665,680,739,-7.98%
910,Winona,Town,Smith,,663,623,576,+8.16%
911,Golinda,City,Falls,McLennan,657,618,559,+10.55%
912,McLean,Town,Gray,,656,665,778,-14.52%
913,Simonton,City,Fort Bend,,656,647,814,-20.52%
914,Amherst,City,Lamb,,652,678,721,-5.96%
915,Lott,City,Falls,,651,644,759,-15.15%
916,Bardwell,City,Ellis,,650,625,649,-3.70%
917,Beasley,City,Fort Bend,,644,608,641,-5.15%
918,Sunset Valley,City,Travis,,643,683,749,-8.81%
919,Westover Hills,Town,Tarrant,,640,641,682,-6.01%
920,New Chapel Hill,City,Smith,,639,620,594,+4.38%
921,Frost,City,Navarro,,636,620,643,-3.58%
922,Silverton,City,Briscoe,,624,629,731,-13.95%
923,Noonday,City,Smith,,623,612,777,-21.24%
924,Ladonia,Town,Fannin,,616,597,612,-2.45%
925,Cove,City,Chambers,,612,525,510,+2.94%
926,Pattison,City,Waller,,612,547,472,+15.89%
927,Zavalla,City,Angelina,,606,603,713,-15.43%
928,Happy,Town,Swisher,Randall,603,602,678,-11.21%
929,Ingleside on the Bay,City,San Patricio,,597,614,615,-0.16%
930,Meadow,Town,Terry,,597,601,593,+1.35%
931,Paradise,City,Wise,,597,475,441,+7.71%
932,Stagecoach,Town,Montgomery,,595,580,538,+7.81%
933,Annetta North,Town,Parker,,593,554,518,+6.95%
934,Kress,City,Swisher,,590,596,715,-16.64%
935,Buffalo Gap,Town,Taylor,,589,543,464,+17.03%
936,Roby,City,Fisher,,582,591,643,-8.09%
937,Lovelady,City,Houston,,579,570,649,-12.17%
938,Campbell,City,Hunt,,571,542,638,-15.05%
939,Point Comfort,City,Calhoun,,570,603,737,-18.18%
940,Cushing,City,Nacogdoches,,569,557,612,-8.99%
941,Hawley,City,Jones,,565,545,634,-14.04%
942,Rule,Town,Haskell,,557,561,636,-11.79%
943,Strawn,City,Palo Pinto,,554,540,653,-17.30%
944,Colmesneil,City,Tyler,,552,542,596,-9.06%
945,Appleby,City,Nacogdoches,,551,552,474,+16.46%
946,Matador,Town,Motley,,551,569,607,-6.26%
947,Riverside,City,Walker,,551,522,510,+2.35%
948,Roxton,City,Lamar,,549,548,650,-15.69%
949,Groom,Town,Carson,,548,552,574,-3.83%
950,Deport,City,Lamar,Red River,547,550,578,-4.84%
951,Chillicothe,City,Hardeman,,546,549,707,-22.35%
952,San Perlita,City,Willacy,,542,538,573,-6.11%
953,Thorntonville,Town,Ward,,535,561,476,+17.86%
954,Newcastle,City,Young,,532,526,585,-10.09%
955,Camp Wood,City,Real,,530,517,706,-26.77%
956,Petrolia,City,Clay,,528,514,686,-25.07%
957,Lipan,City,Hood,,527,505,430,+17.44%
958,Snook,City,Burleson,,527,506,511,-0.98%
959,Encinal,City,La Salle,,524,540,559,-3.40%
960,Miami,City,Roberts,,524,539,597,-9.72%
961,Murchison,City,Henderson,,523,516,594,-13.13%
962,Volente,Village,Travis,,523,561,520,+7.88%
963,Normangee,Town,Leon,Madison,522,495,685,-27.74%
964,Bayview,Town,Cameron,,521,475,383,+24.02%
965,Brazos Country,City,Austin,,518,514,469,+9.59%
966,San Leanna,Village,Travis,,515,522,497,+5.03%
967,Falls City,City,Karnes,,513,514,611,-15.88%
968,Liverpool,City,Brazoria,,510,475,482,-1.45%
969,Star Harbor,City,Henderson,,509,482,444,+8.56%
970,Mount Enterprise,City,Rusk,,507,505,447,+12.98%
971,Dean,City,Clay,,506,488,493,-1.01%
972,Easton,City,Gregg,Rusk,505,499,510,-2.16%
973,Briaroaks,City,Johnson,,502,507,492,+3.05%
974,Pine Forest,City,Orange,,502,499,487,+2.46%
975,Fruitvale,City,Van Zandt,,500,476,408,+16.67%
976,Loraine,Town,Mitchell,,500,504,602,-16.28%
977,Jayton,City,Kent,,498,511,534,-4.31%
978,Alba,Town,Wood,,493,473,504,-6.15%
979,Grey Forest,City,Bexar,,493,492,483,+1.86%
980,Talco,City,Titus,,488,494,516,-4.26%
981,Hallsburg,City,McLennan,,483,419,507,-17.36%
982,Plantersville[b],City,Grimes,,483,464,-,-
983,Smiley,City,Gonzales,,483,475,549,-13.48%
984,Gordon,City,Palo Pinto,,480,470,478,-1.67%
985,Big Wells,City,Dimmit,,472,483,697,-30.70%
986,Lake City,Town,San Patricio,,471,447,509,-12.18%
987,Nome,City,Jefferson,,471,469,588,-20.24%
988,Hawk Cove,City,Hunt,,470,452,483,-6.42%
989,Texline,Town,Dallam,,463,448,507,-11.64%
990,Byers,City,Clay,,462,454,496,-8.47%
991,Morgan,City,Bosque,,462,454,490,-7.35%
992,Kosse,Town,Limestone,,461,458,464,-1.29%
993,Union Grove,City,Upshur,,461,441,357,+23.53%
994,Angus,City,Navarro,,458,444,414,+7.25%
995,Timbercreek Canyon,Village,Randall,,458,430,418,+2.87%
996,Evant,Town,Coryell,Hamilton,456,455,426,+6.81%
997,Bryson,City,Jack,,454,430,539,-20.22%
998,Cross Timber,Town,Johnson,,454,362,268,+35.07%
999,Buffalo Springs,Village,Lubbock,,453,468,453,+3.31%
"1,000",Leary,City,Bowie,,446,433,495,-12.53%
"1,001",DISH,Town,Denton,,445,437,201,+117.41%
"1,002",Wilson,City,Lynn,,445,434,489,-11.25%
"1,003",Smyer,Town,Hockley,,441,441,474,-6.96%
"1,004",Union Valley,City,Hunt,,441,370,307,+20.52%
"1,005",Oglesby,City,Coryell,,440,441,484,-8.88%
"1,006",Webberville,Village,Travis,,440,394,392,+0.51%
"1,007",Ropesville,City,Hockley,,439,430,434,-0.92%
"1,008",Creedmoor,City,Travis,,434,458,202,+126.73%
"1,009",Bear Creek,Village,Hays,,434,397,382,+3.93%
"1,010",Retreat,Town,Navarro,,434,410,377,+8.75%
"1,011",Avery,Town,Red River,,428,421,482,-12.66%
"1,012",Mildred,Town,Navarro,,425,399,368,+8.42%
"1,013",Thornton,Town,Limestone,,421,421,526,-19.96%
"1,014",Yantis,Town,Wood,,421,405,388,+4.38%
"1,015",Lefors,Town,Gray,,419,420,497,-15.49%
"1,016",Scotland,City,Archer,,419,413,501,-17.56%
"1,017",Highland Haven,City,Burnet,,418,418,431,-3.02%
"1,018",Winfield,City,Titus,,418,422,524,-19.47%
"1,019",Milano,City,Milam,,417,390,428,-8.88%
"1,020",Oak Valley,Town,Navarro,,415,406,368,+10.33%
"1,021",San Patricio,City,San Patricio,Nueces,413,384,395,-2.78%
"1,022",Devers,City,Liberty,,412,361,447,-19.24%
"1,023",South Mountain,Town,Coryell,,410,411,384,+7.03%
"1,024",Gustine,Town,Comanche,,407,392,476,-17.65%
"1,025",Millsap,Town,Parker,,404,370,403,-8.19%
"1,026",Wickett,Town,Ward,,403,422,498,-15.26%
"1,027",Alma,Town,Ellis,,401,373,331,+12.69%
"1,028",Stockton Bend,City,Hood,,400,380,305,+24.59%
"1,029",Kurten,Town,Brazos,,399,395,398,-0.75%
"1,030",Blum,Town,Hill,,397,383,444,-13.74%
"1,031",Oakwood,Town,Leon,Freestone,397,389,510,-23.73%
"1,032",Skellytown,Town,Carson,,397,394,473,-16.70%
"1,033",Dodd City,Town,Fannin,,387,369,369,0.00%
"1,034",Balmorhea,City,Reeves,,384,408,479,-14.82%
"1,035",Buckholts,Town,Milam,,383,365,515,-29.13%
"1,036",Bedias,City,Grimes,,380,361,443,-18.51%
"1,037",Howardwick,City,Donley,,374,370,402,-7.96%
"1,038",Chireno,City,Nacogdoches,,373,370,386,-4.15%
"1,039",Weston,City,Collin,,370,283,563,-49.73%
"1,040",Avinger,Town,Cass,,369,371,444,-16.44%
"1,041",Grays Prairie,Village,Kaufman,,369,325,337,-3.56%
"1,042",Blanket,Town,Brown,,367,369,390,-5.38%
"1,043",Whiteface,Town,Cochran,,364,375,449,-16.48%
"1,044",Huxley,City,Shelby,,362,361,385,-6.23%
"1,045",Lake Bridgeport,City,Wise,,361,339,340,-0.29%
"1,046",Leroy,City,McLennan,,361,354,337,+5.04%
"1,047",Sanctuary,Town,Parker,,360,337,329,+2.43%
"1,048",Abbott,City,Hill,,359,352,356,-1.12%
"1,049",Pleasant Valley,Town,Wichita,,359,357,336,+6.25%
"1,050",Edom,City,Van Zandt,,356,339,375,-9.60%
"1,051",Enchanted Oaks,Town,Henderson,,354,347,326,+6.44%
"1,052",Follett,City,Lipscomb,,349,373,459,-18.74%
"1,053",Windthorst,Town,Archer,Clay,349,342,409,-16.38%
"1,054",Kendleton,City,Fort Bend,,348,343,380,-9.74%
"1,055",Rosser,Village,Kaufman,,348,301,332,-9.34%
"1,056",Christine,Town,Atascosa,,347,337,390,-13.59%
"1,057",Lakeside,Town,San Patricio,,346,338,312,+8.33%
"1,058",Quitaque,City,Briscoe,,343,342,411,-16.79%
"1,059",Sadler,City,Grayson,,343,336,343,-2.04%
"1,060",New Home,City,Lynn,,339,326,334,-2.40%
"1,061",Reklaw,City,Cherokee,Rusk,339,332,379,-12.40%
"1,062",Gary City,City,Panola,,338,335,311,+7.72%
"1,063",Higgins,City,Lipscomb,,338,356,397,-10.33%
"1,064",Rose City,City,Orange,,336,326,502,-35.06%
"1,065",Gallatin,City,Cherokee,,334,321,419,-23.39%
"1,066",Nordheim,City,DeWitt,,334,336,307,+9.45%
"1,067",Scottsville,City,Harrison,,334,334,376,-11.17%
"1,068",Eureka,City,Navarro,,333,313,307,+1.95%
"1,069",Rose Hill Acres,City,Hardin,,331,325,441,-26.30%
"1,070",Tira,Town,Hopkins,,331,319,297,+7.41%
"1,071",Iola,City,Grimes,,330,311,401,-22.44%
"1,072",Leakey,City,Real,,327,315,425,-25.88%
"1,073",Bloomburg,Town,Cass,,326,321,404,-20.54%
"1,074",Callisburg,City,Cooke,,326,321,353,-9.07%
"1,075",Turkey,City,Hall,,324,317,421,-24.70%
"1,076",Grandfalls,Town,Ward,,323,340,360,-5.56%
"1,077",Warren City,City,Gregg,Upshur,322,319,298,+7.05%
"1,078",Orchard,City,Fort Bend,,317,313,352,-11.08%
"1,079",Iredell,City,Bosque,,311,305,339,-10.03%
"1,080",Lawn,Town,Taylor,,311,311,314,-0.96%
"1,081",Nazareth,City,Castro,,307,310,311,-0.32%
"1,082",Mount Calm,City,Hill,,301,282,320,-11.88%
"1,083",Bellevue,City,Clay,,295,289,362,-20.17%
"1,084",Coupland[b],City,Williamson,,292,289,-,-
"1,085",Darrouzett,Town,Lipscomb,,292,309,350,-11.71%
"1,086",Trent,Town,Taylor,,292,295,337,-12.46%
"1,087",Ellinger[a],City,Fayette,,290,-,-,-
"1,088",Cashion Community,City,Wichita,,289,286,348,-17.82%
"1,089",Covington,City,Hill,,289,261,269,-2.97%
"1,090",Poynor,Town,Henderson,,289,287,305,-5.90%
"1,091",Granjeno,City,Hidalgo,,288,283,293,-3.41%
"1,092",Carbon,Town,Eastland,,285,281,272,+3.31%
"1,093",Coyote Flats[b],City,Johnson,,285,345,-,-
"1,094",Cranfills Gap,City,Bosque,,282,277,281,-1.42%
"1,095",Palisades,Village,Randall,,281,268,325,-17.54%
"1,096",Taylor Landing,City,Jefferson,,281,278,228,+21.93%
"1,097",Burton,City,Washington,,280,297,300,-1.00%
"1,098",Industry,City,Austin,,277,268,304,-11.84%
"1,099",Kennard,City,Houston,,277,272,337,-19.29%
"1,100",Richland,Town,Navarro,,275,255,264,-3.41%
"1,101",Hedley,City,Donley,,274,275,329,-16.41%
"1,102",Bayside,Town,Refugio,,273,275,325,-15.38%
"1,103",Chester,Town,Tyler,,271,270,312,-13.46%
"1,104",Channing,City,Hartley,,269,281,363,-22.59%
"1,105",Dell City,City,Hudspeth,,269,245,365,-32.88%
"1,106",Goodrich,City,Polk,,269,248,271,-8.49%
"1,107",Morgan's Point,City,Harris,,268,273,339,-19.47%
"1,108",Progreso Lakes,City,Hidalgo,,262,257,240,+7.08%
"1,109",Oak Ridge,Town,Cooke,,260,242,141,+71.63%
"1,110",Streetman,Town,Freestone,Navarro,259,248,247,+0.40%
"1,111",Ackerly,City,Dawson,Martin,257,264,220,+20.00%
"1,112",Lueders,City,Jones,Shackelford,257,258,346,-25.43%
"1,113",Texhoma,City,Sherman,,257,258,346,-25.43%
"1,114",Blackwell,City,Nolan,Coke,256,258,311,-17.04%
"1,115",North Cleveland,City,Liberty,,255,225,247,-8.91%
"1,116",Barstow,City,Ward,,252,265,349,-24.07%
"1,117",Coffee City,Town,Henderson,,249,249,278,-10.43%
"1,118",Hays,City,Hays,,249,227,217,+4.61%
"1,119",Richland Springs,Town,San Saba,,247,244,338,-27.81%
"1,120",Paint Rock,Town,Concho,,246,237,273,-13.19%
"1,121",Rochester,Town,Haskell,,245,248,324,-23.46%
"1,122",Fayetteville,City,Fayette,,244,246,258,-4.65%
"1,123",Carmine,City,Fayette,Washington,243,244,250,-2.40%
"1,124",Malone,Town,Hill,,243,237,269,-11.90%
"1,125",Latexo,City,Houston,,240,232,322,-27.95%
"1,126",Navarro,Town,Navarro,,239,232,210,+10.48%
"1,127",Woodson,Town,Throckmorton,,236,219,264,-17.05%
"1,128",Spring Branch[b],City,Comal,,233,206,-,-
"1,129",Hebron,Town,Denton,Collin,232,803,415,+93.49%
"1,130",Bailey,City,Fannin,,231,220,289,-23.88%
"1,131",Moran,City,Shackelford,,231,226,270,-16.30%
"1,132",Barry,City,Navarro,,230,220,242,-9.09%
"1,133",Mingus,City,Palo Pinto,,230,223,235,-5.11%
"1,134",Tehuacana,Town,Limestone,,229,228,283,-19.43%
"1,135",Wixon Valley,City,Brazos,,229,228,254,-10.24%
"1,136",Cottonwood,City,Kaufman,,226,181,185,-2.16%
"1,137",Goldsmith,City,Ector,,225,236,257,-8.17%
"1,138",Wellman,City,Terry,,225,230,203,+13.30%
"1,139",Cool,City,Parker,,224,211,157,+34.39%
"1,140",Opdyke West,Town,Hockley,,220,220,174,+26.44%
"1,141",Sandy Point[b],City,Brazoria,,217,207,-,-
"1,142",South Frydek[b],City,Austin,,216,207,-,-
"1,143",Forsan,City,Howard,,213,225,210,+7.14%
"1,144",Carl's Corner,Town,Hill,,212,201,173,+16.18%
"1,145",Douglassville,Town,Cass,,211,211,229,-7.86%
"1,146",Dickens,City,Dickens,,209,219,286,-23.43%
"1,147",Roaring Springs,Town,Motley,,209,217,234,-7.26%
"1,148",Bishop Hills,Town,Potter,,204,211,193,+9.33%
"1,149",Westbrook,City,Mitchell,,201,201,253,-20.55%
"1,150",Anderson,City,Grimes,,200,193,222,-13.06%
"1,151",Ross,City,McLennan,,200,245,283,-13.43%
"1,152",Emhouse,Town,Navarro,,198,187,133,+40.60%
"1,153",Benjamin,City,Knox,,195,196,258,-24.03%
"1,154",Windom,Town,Fannin,,195,189,199,-5.03%
"1,155",La Ward,City,Jackson,,192,176,213,-17.37%
"1,156",Bonney,Village,Brazoria,,189,180,310,-41.94%
"1,157",Marquez,City,Leon,,189,181,263,-31.18%
"1,158",Staples,City,Guadalupe,,189,193,267,-27.72%
"1,159",Caney City,Town,Henderson,,188,187,217,-13.82%
"1,160",Midway,City,Madison,,185,173,228,-24.12%
"1,161",Penelope,Town,Hill,,185,180,198,-9.09%
"1,162",Annona,Town,Red River,,184,184,315,-41.59%
"1,163",Broaddus,Town,San Augustine,,184,184,207,-11.11%
"1,164",Ravenna,City,Fannin,,184,175,209,-16.27%
"1,165",Woodloch,Town,Montgomery,,182,186,207,-10.14%
"1,166",Pecan Gap,City,Delta,Fannin,181,178,203,-12.32%
"1,167",Goodlow,City,Navarro,,176,178,200,-11.00%
"1,168",Megargel,Town,Archer,,176,174,203,-14.29%
"1,169",Bynum,Town,Hill,,173,171,199,-14.07%
"1,170",Jolly,City,Clay,,173,172,172,0.00%
"1,171",Thompsons,Town,Fort Bend,,173,156,246,-36.59%
"1,172",Weinert,City,Haskell,,172,172,172,0.00%
"1,173",Leona,City,Leon,,161,151,175,-13.71%
"1,174",Moore Station,City,Henderson,,161,160,201,-20.40%
"1,175",Goree,City,Knox,,158,158,203,-22.17%
"1,176",Mobile City,City,Rockwall,,154,142,188,-24.47%
"1,177",Browndell,City,Jasper,,153,160,197,-18.78%
"1,178",Mertens,Town,Hill,,150,144,125,+15.20%
"1,179",Springlake,Town,Lamb,,138,145,108,+34.26%
"1,180",Kingsbury[b],City,Guadalupe,,134,132,-,-
"1,181",Sanford,Town,Hutchinson,,132,132,164,-19.51%
"1,182",Adrian,City,Oldham,,129,128,166,-22.89%
"1,183",Mullin,Town,Mills,,129,130,179,-27.37%
"1,184",Todd Mission,City,Grimes,,126,121,107,+13.08%
"1,185",Novice,City,Coleman,,124,122,139,-12.23%
"1,186",Melvin,Town,McCulloch,,123,123,178,-30.90%
"1,187",Estelline,Town,Hall,,121,121,145,-16.55%
"1,188",Austwell,City,Refugio,,115,118,147,-19.73%
"1,189",Cuney,Town,Cherokee,,114,116,140,-17.14%
"1,190",Round Mountain,Town,Blanco,,111,101,181,-44.20%
"1,191",Marietta,Town,Cass,,110,115,134,-14.18%
"1,192",Aquilla,City,Hill,,108,101,109,-7.34%
"1,193",Kirvin,Town,Freestone,,108,101,129,-21.71%
"1,194",Powell,Town,Navarro,,103,99,136,-27.21%
"1,195",Dodson,Town,Collingsworth,,92,93,109,-14.68%
"1,196",Toco,City,Lamar,,92,91,75,+21.33%
"1,197",Round Top,Town,Fayette,,91,87,90,-3.33%
"1,198",O'Brien,City,Haskell,,88,91,106,-14.15%
"1,199",Edmonson,Town,Hale,,88,86,111,-22.52%
"1,200",Mobeetie,City,Wheeler,,84,87,101,-13.86%
"1,201",Petronila,City,Nueces,,84,89,113,-21.24%
"1,202",Rocky Mound,Town,Camp,,83,78,75,+4.00%
"1,203",Uncertain,City,Harrison,,83,85,94,-9.57%
"1,204",Domino,Town,Cass,,75,71,93,-23.66%
"1,205",Miller's Cove,Town,Titus,,74,71,149,-52.35%
"1,206",Sun Valley,City,Lamar,,73,70,69,+1.45%
"1,207",Seven Oaks,City,Polk,,72,68,111,-38.74%
"1,208",Pyote,Town,Ward,,70,72,114,-36.84%
"1,209",Valentine,Town,Jeff Davis,,69,73,134,-45.52%
"1,210",Neylandville,Town,Hunt,,68,67,97,-30.93%
"1,211",Putnam,Town,Callahan,,67,63,94,-32.98%
"1,212",Dorchester,City,Grayson,,62,69,148,-53.38%
"1,213",Lakeview,Town,Hall,,60,60,107,-43.93%
"1,214",Toyah,Town,Reeves,,60,61,90,-32.22%
"1,215",Dayton Lakes,City,Liberty,,52,45,93,-51.61%
"1,216",Spofford,City,Kinney,,44,41,95,-56.84%
"1,217",Draper,Town,Denton,,36,33,27,+22.22%
"1,218",Quintana,Town,Brazoria,,23,26,56,-53.57%
"1,219",Impact,Town,Taylor,,21,22,35,-37.14%
"1,220",Los Ybanez,City,Dawson,,21,28,19,+47.37%
"1,221",Mustang,Town,Navarro,,0,0,21,-100.00%
"*Total of 1,221 municipalities*[c]",,,*254 Counties*,,"*21,694,243*","*21,096,153*","*18,506,825*",*+13.99%*
*Population of the State of Texas*[2],,,,,"*30,029,572*","*29,145,505*","*25,145,561*",*+15.91%*