address,city
100 FAIRBANK,"STADDISON, IL 60101"
1010 REPUBLIC DR,"NAPERVILLE, IL, 60101"
1020 REPUBLIC DR,"ADDISON, IL, 60101"
1100 MAIN ST,"LOMBARD, IL, 60148"
1110 MAIN ST,"LOMBARD, IL, 60148"
1120 MAIN ST        ,"LOMBARD, IL, 60148"
1130 MAIN ST        ,"LOMBARD, IL, 60148"
1140 MAIN ST        ,"LOMBARD, IL, 60148"
1152 MAIN ST        ,"LOMBARD, IL, 60148"
1141 MAIN ST        ,"LOMBARD, IL, 60148"
1157 MAIN ST        ,"LOMBARD, IL, 60148"
1205 National Ave,"ADDISON, IL, 60101"
1208 NATIONAL AVE,"ADDISON, IL, 60101"
1209 CAPITOL DR,"ADDISON, IL, 60101"
1235 National Ave,"ADDISON, IL, 60101"
131 Lombard Ave,"ADDISON, IL, 60101"
127 Ambassador Dr,"NAPERVILLE, IL, 60101"
1864 High Grove Ln,"NAPERVILLE, IL, 60101"
210 Fairbank St,"ADDISON, IL, 60101"
250 Fairbank St,"ADDISON, IL, 60101"
2777 Finley Road,"Downers Grove, IL, 60515"
713 Racquet Club Dr,"ADDISON, IL, 60101"
731 Racquet Club Dr,"ADDISON, IL, 60101"
900 Fullterton Ave,"ADDISON, IL, 60101"
930 Fullerton Ave,"ADDISON, IL, 60101"
930 National,"ADDISON, IL, 60101"
936 Fullerton Ave,"ADDISON, IL, 60101"
960 Industrial Drve,"Elmhurst, IL, 60126"
895 Northpoint Boulevard,"Waukegan, IL"
940-972 Northpoint Boulevard,"Waukegan, IL"
1000-1036 Northpoint Boulevard,"Waukegan, IL"
953-977 Northpoint Boulevard,"Waukegan, IL"
1380 Gateway Drive,"Elgin, IL"
1390 Gateway,"Elgin, IL"
2460-2650 Corporate Parkway,"Algonquin, IL"